2024-01-14 02:28:25,1,aa bc da 81,User 1
2024-01-14 02:28:27,1,aa bc da 81,User 1
2024-01-14 02:28:28,1,aa bc da 81,User 1
2024-01-14 02:31:52,2,aa bc da 81,User 1
2024-01-14 02:31:53,2,aa bc da 81,User 1
2024-01-14 02:31:54,3,aa bc da 81,User 1
2024-01-14 02:31:55,3,aa bc da 81,User 1
2024-01-14 02:31:57,2,aa bc da 81,User 1
2024-01-14 02:32:13,3,d9 c4 8d 9d,User 2
2024-01-14 02:32:16,1,d9 c4 8d 9d,User 2
2024-01-14 02:32:22,3,aa bc da 81,User 1
2024-01-14 02:32:23,3,aa bc da 81,User 1
2024-01-14 02:32:24,2,aa bc da 81,User 1
2024-01-14 02:32:54,1,aa bc da 81,User 1
2024-01-14 02:32:57,3,d9 c4 8d 9d,User 2
2024-01-14 02:32:59,1,aa bc da 81,User 1
2024-01-14 02:33:01,3,aa bc da 81,User 1
2024-01-14 02:33:02,1,aa bc da 81,User 1
2024-01-14 02:33:03,3,aa bc da 81,User 1
2024-01-14 02:33:04,2,aa bc da 81,User 1
2024-01-14 20:29:14,2,aa bc da 81,User 1
2024-01-14 20:29:39,2,aa bc da 81,User 1
2024-01-14 20:29:42,3,aa bc da 81,User 1
2024-01-14 20:30:01,3,aa bc da 81,User 1
2024-01-14 20:30:02,2,aa bc da 81,User 1
2024-01-14 20:30:15,3,d9 c4 8d 9d,User 2
2024-01-14 20:33:04,3,d9 c4 8d 9d,User 2
2024-01-14 20:33:05,3,d9 c4 8d 9d,User 2
2024-01-14 20:35:08,2,aa bc da 81,User 1
2024-01-14 21:37:16,1,d9 c4 8d 9d,User 2
2024-01-17 13:48:59,2,aa bc da 81,User 1
2024-01-17 13:49:37,3,aa bc da 81,User 1
2024-01-17 13:49:38,3,aa bc da 81,User 1
2024-01-17 13:49:48,2,aa bc da 81,User 1
2024-01-17 13:49:51,3,aa bc da 81,User 1
2024-01-17 13:49:52,1,aa bc da 81,User 1
2024-01-17 13:49:53,3,aa bc da 81,User 1
2024-01-17 13:53:06,2,aa bc da 81,User 1
2024-01-17 14:41:47,2,aa bc da 81,User 1
2024-01-17 14:42:03,2,aa bc da 81,User 1
2024-01-17 14:42:10,3,aa bc da 81,User 1
2024-01-17 14:42:24,3,aa bc da 81,User 1
2024-01-17 14:42:40,2,aa bc da 81,User 1
2024-01-17 15:35:00,2,aa bc da 81,User 1
2024-01-17 15:46:53,2,aa bc da 81,User 1
2024-01-17 15:47:11,3,d9 c4 8d 9d,User 2
2024-01-17 15:48:04,3,d9 c4 8d 9d,User 2
2024-01-17 15:48:14,2,aa bc da 81,User 1
